loan_id,account_id,loan_date,amount,duration,payments,status,district_id,frequency,account_date,index,region_0,region_1,region_2,region_3,no. of inhabitants,no. of municipalities with inhabitants < 499,no. of municipalities with inhabitants 500-1999,no. of municipalities with inhabitants 2000-9999,no. of municipalities with inhabitants >10000,no. of cities,ratio of urban inhabitants,average salary,unemploymant_rate,no. of enterpreneurs per 1000 inhabitants,trans_date,last_balance,credits_mean,withdrawal_mean
5314,1787,1993-07-05,96396,12,8033,1,30,4,1993-03-22,29,0,1,0,0,94812,15,13,8,2,10,81.8,9650,3.67,100,1993-06-20,20100.0,5025.0,0.0
5316,1801,1993-07-11,165960,36,4610,0,46,1,1993-02-13,45,0,1,1,0,112709,48,20,7,3,10,73.5,8369,2.31,117,1993-07-09,52208.9,13523.158823529411,8884.240000000002
6863,9188,1993-07-28,127080,60,2118,0,45,1,1993-02-08,44,0,1,1,0,77917,85,19,6,1,5,53.5,8390,2.89,132,1993-07-21,20272.8,5009.733333333334,6097.0
5325,1843,1993-08-03,105804,36,2939,0,12,1,1993-01-30,11,0,0,1,0,107870,84,29,6,1,6,58.0,8754,4.31,137,1993-07-31,34307.3,9254.600000000002,7168.100000000001
7240,11013,1993-09-06,274740,60,4579,0,1,4,1993-02-14,0,0,0,0,1,1204953,0,0,0,1,1,100.0,12541,0.43,167,1993-08-31,41112.9,21255.930769230767,16801.0
6687,8261,1993-09-13,87840,24,3660,0,13,1,1993-05-12,12,0,0,1,0,53921,61,22,1,1,2,41.3,8598,3.26,123,1993-09-09,43847.8,7331.9857142857145,19600.0
7284,11265,1993-09-15,52788,12,4399,0,15,1,1993-01-14,14,0,0,1,1,58796,22,16,7,1,5,51.9,9045,3.6,124,1993-09-11,21029.0,4304.038095238095,3152.536363636363
6111,5428,1993-09-24,174744,24,7281,1,24,1,1993-04-14,23,0,1,0,0,122603,25,21,6,2,8,80.0,8991,2.01,128,1993-09-21,58140.9,13374.849999999999,9741.050000000001
7235,10973,1993-10-13,154416,48,3217,0,18,4,1993-04-20,17,0,0,1,1,70699,60,13,2,1,4,65.3,8968,3.35,131,1993-10-08,53402.7,11408.9875,8071.3125
5997,4894,1993-11-04,117024,24,4876,0,14,1,1993-06-20,13,0,0,1,1,177686,69,27,10,1,9,74.8,10045,1.71,135,1993-10-31,53193.5,13154.833333333336,16300.0
7121,10364,1993-11-10,21924,36,609,0,55,1,1993-01-17,54,0,1,1,1,157042,49,70,18,0,9,33.9,8743,2.43,111,1993-11-07,49083.3,7551.738095238096,4562.625000000001
6077,5270,1993-11-22,79608,24,3317,0,44,1,1993-01-13,43,0,1,1,0,105606,77,26,7,2,7,53.0,8254,3.76,97,1993-11-16,103745.7,23558.290909090912,13372.148387096771
6228,6034,1993-12-01,464520,60,7742,1,6,4,1993-03-19,5,0,0,1,0,77963,60,23,4,2,4,51.5,8546,4.02,126,1993-11-30,121570.3,16035.55806451613,11073.837837837838
6356,6701,1993-12-08,95400,36,2650,0,49,4,1993-03-15,48,0,1,1,0,75685,31,28,5,1,9,60.8,8208,2.26,155,1993-11-30,27697.0,11706.590909090908,9195.12
5523,2705,1993-12-08,93888,36,2608,0,63,12,1993-07-05,62,0,1,1,1,86513,38,36,5,1,5,50.5,8288,4.52,110,1993-12-02,34716.3,7084.7,7185.714285714285
6456,7123,1993-12-09,47016,12,3918,0,64,12,1993-04-14,63,0,1,1,1,197099,29,41,10,2,10,74.7,9624,2.31,145,1993-12-05,58773.2,13031.063636363637,11395.5
7104,10320,1993-12-13,259740,60,4329,0,68,1,1993-07-11,67,1,0,0,0,228848,15,40,18,2,6,57.2,9893,4.72,96,1993-12-10,67219.5,14443.35,11030.57142857143
6820,9034,1993-12-16,38148,12,3179,0,1,1,1993-06-28,0,0,0,0,1,1204953,0,0,0,1,1,100.0,12541,0.43,167,1993-12-14,56840.8,8067.861111111111,8863.236363636364
6876,9236,1993-12-21,86616,12,7218,0,11,1,1993-08-18,10,0,0,1,0,75637,35,36,9,0,7,36.5,9622,0.59,154,1993-12-16,37253.1,4879.433333333333,7100.0
7097,10266,1993-12-23,75624,24,3151,1,54,1,1993-06-10,53,0,1,1,1,387570,0,0,0,1,1,100.0,9897,1.96,140,1993-12-17,41954.8,11677.0,16650.0
4959,2,1994-01-05,80952,24,3373,0,1,1,1993-02-26,0,0,0,0,1,1204953,0,0,0,1,1,100.0,12541,0.43,167,1993-12-31,27840.6,10394.786363636362,6276.393750000001
6499,7401,1994-01-05,80952,24,3373,0,1,1,1993-02-26,0,0,0,0,1,1204953,0,0,0,1,1,100.0,12541,0.43,167,1993-12-31,28749.1,10395.177272727273,6248.268750000001
5479,2486,1994-01-10,24516,12,2043,0,1,1,1993-02-27,0,0,0,0,1,1204953,0,0,0,1,1,100.0,12541,0.43,167,1993-12-31,78656.2,20344.677419354834,13143.542857142855
5170,1071,1994-01-20,253200,60,4220,0,68,4,1993-05-10,67,1,0,0,0,228848,15,40,18,2,6,57.2,9893,4.72,96,1994-01-19,81150.6,13560.890476190476,10181.4
6721,8475,1994-01-21,21072,24,878,0,4,1,1993-09-08,3,0,0,1,0,149893,63,29,6,2,6,67.4,9753,5.05,109,1994-01-06,33467.0,3012.853846153846,4150.0
7259,11111,1994-01-31,108144,36,3004,0,1,1,1993-05-20,0,0,0,0,1,1204953,0,0,0,1,1,100.0,12541,0.43,167,1994-01-18,21921.3,16822.826086956524,11406.3625
5285,1603,1994-02-06,78936,12,6578,0,1,1,1993-05-09,0,0,0,0,1,1204953,0,0,0,1,1,100.0,12541,0.43,167,1994-02-05,24601.0,3975.208333333334,2622.3703703703704
5189,1166,1994-02-07,149040,48,3105,0,11,1,1993-04-21,10,0,0,1,0,75637,35,36,9,0,7,36.5,9622,0.59,154,1994-01-31,19033.5,9496.58,5026.411764705883
6650,8073,1994-02-17,49320,12,4110,1,24,12,1993-09-03,23,0,1,0,0,122603,25,21,6,2,8,80.0,8991,2.01,128,1994-02-14,15673.6,15663.03529411765,7831.1875
7226,10940,1994-02-23,197748,36,5493,0,50,1,1993-09-13,49,0,1,1,0,102609,75,33,2,3,6,52.0,8187,5.45,94,1994-02-16,43294.5,12363.145454545454,18540.0
6087,5313,1994-02-27,300660,60,5011,0,40,1,1993-04-29,39,0,1,0,1,128118,9,16,6,3,8,85.3,9317,7.07,97,1994-02-23,33918.9,14927.625,7722.476190476191
7262,11135,1994-03-01,182628,36,5073,0,75,1,1993-10-10,74,1,0,0,0,138032,67,30,4,2,5,64.6,8819,5.66,99,1994-02-28,45660.9,7666.089999999999,10333.333333333334
5519,2694,1994-03-08,91632,12,7636,0,7,1,1993-03-08,6,0,0,1,0,94725,38,28,1,3,6,63.4,9920,2.87,130,1994-03-03,33061.9,8784.244444444443,4746.809302325582
6577,7753,1994-03-11,51696,24,2154,0,74,1,1993-02-08,73,1,0,0,0,323870,0,0,0,1,1,100.0,10673,5.44,100,1994-03-05,38202.2,16546.952272727274,11894.199999999997
6509,7445,1994-03-15,55368,24,2307,0,64,1,1993-03-18,63,0,1,1,1,197099,29,41,10,2,10,74.7,9624,2.31,145,1994-03-13,12414.4,9204.863829787235,8239.490196078432
6520,7485,1994-03-16,91200,24,3800,0,39,1,1993-07-28,38,0,1,0,1,119895,17,4,3,2,4,89.9,10446,9.4,90,1994-03-13,32715.3,10908.277777777777,9090.766666666668
6699,8330,1994-03-30,7656,24,319,0,48,1,1993-03-28,47,0,1,1,0,78955,50,24,8,1,9,59.0,9060,2.44,124,1994-03-23,36353.1,7746.088888888888,5389.026666666668
6336,6555,1994-03-31,212400,36,5900,0,38,4,1993-03-05,37,0,1,0,1,85852,41,23,4,2,4,59.8,8965,8.23,104,1994-03-30,64221.1,13977.941935483874,9227.375
7055,10079,1994-04-06,167100,60,2785,0,62,1,1993-05-06,61,0,1,1,1,145688,22,41,13,2,5,40.7,8544,1.86,109,1994-04-01,39310.2,17751.066666666666,11879.891304347824
6103,5385,1994-04-07,149340,60,2489,0,44,4,1993-05-21,43,0,1,1,0,105606,77,26,7,2,7,53.0,8254,3.76,97,1994-03-31,23538.3,7546.752173913043,4546.575757575758
6202,5891,1994-04-18,65184,12,5432,0,54,1,1993-01-25,53,0,1,1,1,387570,0,0,0,1,1,100.0,9897,1.96,140,1994-04-16,67995.4,17495.916666666668,8786.192307692305
7066,10131,1994-05-02,215388,36,5983,1,1,1,1993-11-27,0,0,0,0,1,1204953,0,0,0,1,1,100.0,12541,0.43,167,1994-04-30,30662.8,6116.29,6100.0
6696,8321,1994-05-09,89040,60,1484,0,77,1,1993-04-12,76,1,0,0,0,148545,8,35,12,3,4,53.5,8909,5.56,113,1994-05-07,29305.8,3735.122727272728,3140.451162790698
6072,5256,1994-05-10,193968,36,5388,0,72,12,1993-10-25,71,1,0,0,0,226122,32,50,7,4,4,62.6,8994,4.79,110,1994-05-04,80780.0,14309.0,22822.222222222223
5130,813,1994-05-11,24312,12,2026,0,16,1,1993-02-10,15,0,0,1,1,93931,74,21,10,1,8,56.9,8427,1.54,107,1994-05-06,28461.9,5601.632432432431,4360.941463414635
5568,2933,1994-05-17,272520,60,4542,0,10,1,1993-06-18,9,0,0,1,0,92084,55,29,4,3,5,46.7,10124,0.54,141,1994-05-14,30009.9,13755.75294117647,8753.707999999999
6678,8173,1994-05-20,80340,12,6695,0,11,1,1993-07-05,10,0,0,1,0,75637,35,36,9,0,7,36.5,9622,0.59,154,1994-05-05,89342.6,20306.622727272726,11913.43333333333
6998,9833,1994-05-21,97632,12,8136,0,20,1,1993-07-24,19,0,0,1,1,70646,94,14,3,1,4,58.4,8547,3.64,120,1994-05-20,41330.1,25763.21,10531.866666666665
6580,7769,1994-05-22,196080,48,4085,0,23,1,1993-10-03,22,0,1,0,0,87419,21,11,4,3,9,85.5,8624,2.66,102,1994-05-14,86857.4,14476.62,7506.481481481483
6316,6473,1994-05-26,76908,12,6409,1,12,1,1993-01-26,11,0,0,1,0,107870,84,29,6,1,6,58.0,8754,4.31,137,1994-05-21,14888.6,15876.135714285716,10865.15333333333
6512,7454,1994-05-26,63312,48,1319,0,4,1,1993-04-19,3,0,0,1,0,149893,63,29,6,2,6,67.4,9753,5.05,109,1994-05-14,28553.5,2763.92,1450.7191489361699
6407,6930,1994-05-26,25944,24,1081,0,41,1,1993-09-08,40,0,1,0,1,118650,8,8,5,1,3,85.6,9832,4.48,114,1994-05-12,69398.9,12249.336842105264,9074.355555555558
5002,173,1994-05-31,104808,12,8734,0,66,1,1993-11-26,65,0,1,1,1,125832,151,41,2,3,5,48.3,8512,4.12,102,1994-05-25,28015.4,9470.5,4757.2555555555555
6647,8051,1994-06-01,208320,48,4340,0,1,4,1993-02-07,0,0,0,0,1,1204953,0,0,0,1,1,100.0,12541,0.43,167,1994-05-31,44213.1,12819.854545454547,7286.0
7137,10439,1994-06-03,151560,24,6315,0,66,1,1993-11-21,65,0,1,1,1,125832,151,41,2,3,5,48.3,8512,4.12,102,1994-06-01,21323.2,19058.40769230769,15095.746666666668
6903,9337,1994-06-04,52128,24,2172,0,30,1,1993-09-13,29,0,1,0,0,94812,15,13,8,2,10,81.8,9650,3.67,100,1994-05-31,58659.8,6244.838461538461,5771.993750000001
5918,4576,1994-06-04,300204,36,8339,0,27,1,1993-06-05,26,0,1,0,0,67298,71,19,10,0,7,43.8,8561,1.29,110,1994-05-31,33932.8,9277.392592592592,4921.745454545456
6642,8027,1994-06-05,77640,12,6470,0,44,4,1993-07-07,43,0,1,1,0,105606,77,26,7,2,7,53.0,8254,3.76,97,1994-06-02,30825.8,18776.677272727276,10059.5
6210,5927,1994-06-06,87216,48,1817,1,15,1,1993-11-26,14,0,0,1,1,58796,22,16,7,1,5,51.9,9045,3.6,124,1994-05-31,21579.1,3691.82380952381,4653.099999999999
6279,6273,1994-06-07,87360,24,3640,0,38,1,1993-07-21,37,0,1,0,1,85852,41,23,4,2,4,59.8,8965,8.23,104,1994-05-31,29072.5,8544.574999999999,7689.657142857143
7249,11065,1994-06-12,69360,48,1445,0,11,1,1993-03-19,10,0,0,1,0,75637,35,36,9,0,7,36.5,9622,0.59,154,1994-06-10,38665.0,6597.132258064516,3528.638297872341
6736,8558,1994-06-14,288360,60,4806,0,1,12,1994-02-27,0,0,0,0,1,1204953,0,0,0,1,1,100.0,12541,0.43,167,1994-05-31,43313.2,8081.299999999999,10600.0
6112,5442,1994-06-17,174744,24,7281,1,34,1,1993-03-22,33,0,1,0,1,125236,28,11,1,4,5,87.7,9675,7.68,100,1994-06-15,6930.8,11542.82894736842,5396.207499999999
5319,1811,1994-06-23,239460,60,3991,0,40,1,1993-09-22,39,0,1,0,1,128118,9,16,6,3,8,85.3,9317,7.07,97,1994-06-19,36240.6,13387.93888888889,7312.228571428573
6596,7844,1994-06-25,91584,24,3816,0,1,1,1993-11-26,0,0,0,0,1,1204953,0,0,0,1,1,100.0,12541,0.43,167,1994-06-24,49842.9,18390.37142857143,12213.070588235294
5837,4260,1994-06-29,244560,60,4076,0,56,1,1993-10-14,55,0,1,1,1,124605,11,42,14,1,8,46.0,8772,4.98,126,1994-06-20,21326.1,12456.16111111111,8453.533333333335
5657,3354,1994-07-05,4980,12,415,0,63,1,1993-11-05,62,0,1,1,1,86513,38,36,5,1,5,50.5,8288,4.52,110,1994-07-03,22500.3,5352.515789473684,2933.2370370370368
5533,2762,1994-07-05,111384,24,4641,0,19,1,1993-03-20,18,0,0,1,1,51428,50,11,3,1,4,52.7,8402,3.98,120,1994-07-02,52318.9,19164.749090909096,10327.2412371134
6232,6051,1994-07-08,276660,36,7685,1,56,1,1993-08-28,55,0,1,1,1,124605,11,42,14,1,8,46.0,8772,4.98,126,1994-07-07,19783.2,3712.3666666666663,3270.9857142857145
6888,9265,1994-07-11,39576,12,3298,0,1,1,1993-02-04,0,0,0,0,1,1204953,0,0,0,1,1,100.0,12541,0.43,167,1994-07-05,23901.1,9203.384905660376,7481.906451612902
6066,5228,1994-07-11,173808,24,7242,0,77,12,1993-06-23,76,1,0,0,0,148545,8,35,12,3,4,53.5,8909,5.56,113,1994-07-05,94431.9,26907.22692307692,12350.122448979591
5549,2824,1994-07-16,50460,60,841,0,11,1,1993-10-20,10,0,0,1,0,75637,35,36,9,0,7,36.5,9622,0.59,154,1994-07-10,41531.0,8327.073684210525,4861.808333333334
5060,426,1994-07-19,252060,60,4201,1,1,1,1993-11-29,0,0,0,0,1,1204953,0,0,0,1,1,100.0,12541,0.43,167,1994-07-14,70096.5,14985.173076923076,9129.085714285715
6004,4937,1994-07-23,143904,24,5996,0,12,1,1993-02-20,11,0,0,1,0,107870,84,29,6,1,6,58.0,8754,4.31,137,1994-07-15,38336.2,14003.602127659575,6737.315217391302
5126,790,1994-07-24,208128,48,4336,1,54,1,1993-05-11,53,0,1,1,1,387570,0,0,0,1,1,100.0,9897,1.96,140,1994-07-21,81474.6,11823.668965517241,7468.908571428573
7220,10911,1994-07-28,131292,36,3647,0,1,4,1993-05-29,0,0,0,0,1,1204953,0,0,0,1,1,100.0,12541,0.43,167,1994-07-23,31361.3,11868.186206896553,5792.888888888889
6668,8129,1994-07-30,74736,36,2076,0,45,1,1993-06-26,44,0,1,1,0,77917,85,19,6,1,5,53.5,8390,2.89,132,1994-07-21,33243.7,11194.334615384618,6288.019512195123
5395,2176,1994-07-30,299088,36,8308,1,67,1,1993-06-06,66,1,0,0,0,106054,38,25,6,2,6,63.1,8110,6.55,109,1994-07-23,19448.5,17668.680434782607,9916.382499999996
6836,9093,1994-08-03,189300,60,3155,0,47,1,1993-06-16,46,0,1,1,0,162580,83,26,5,1,6,72.8,9538,1.81,111,1994-07-31,24471.4,6502.74761904762,4142.723333333334
6064,5215,1994-08-04,14628,12,1219,0,55,1,1993-07-01,54,0,1,1,1,157042,49,70,18,0,9,33.9,8743,2.43,111,1994-07-31,34902.8,7799.868965517242,2620.457534246576
6919,9403,1994-08-05,120888,36,3358,0,1,4,1993-03-27,0,0,0,0,1,1204953,0,0,0,1,1,100.0,12541,0.43,167,1994-08-04,52014.4,13123.877777777778,7007.416666666667
6841,9104,1994-08-07,172080,48,3585,0,10,1,1994-01-21,9,0,0,1,0,92084,55,29,4,3,5,46.7,10124,0.54,141,1994-07-31,58224.0,10713.956,12331.729411764707
6038,5120,1994-08-10,323472,48,6739,0,1,1,1993-06-21,0,0,0,0,1,1204953,0,0,0,1,1,100.0,12541,0.43,167,1994-07-31,69179.8,13879.189285714285,11015.089655172413
6729,8519,1994-08-11,74688,12,6224,0,23,1,1993-04-02,22,0,1,0,0,87419,21,11,4,3,9,85.5,8624,2.66,102,1994-08-06,28933.3,13496.946938775513,10038.368253968252
7198,10788,1994-08-23,45768,12,3814,0,67,4,1993-11-22,66,1,0,0,0,106054,38,25,6,2,6,63.1,8110,6.55,109,1994-08-19,54427.5,4701.254545454545,9800.0
6686,8260,1994-08-25,224604,36,6239,0,31,1,1993-03-24,30,0,1,0,0,51313,34,12,3,1,4,59.2,8930,4.2,108,1994-08-16,40287.4,20475.04411764706,11116.342372881352
5836,4259,1994-08-27,79632,24,3318,0,66,1,1994-04-08,65,0,1,1,1,125832,151,41,2,3,5,48.3,8512,4.12,102,1994-08-13,89746.5,24446.25,25786.0
7061,10105,1994-08-27,121896,24,5079,0,55,1,1993-04-28,54,0,1,1,1,157042,49,70,18,0,9,33.9,8743,2.43,111,1994-08-21,41917.2,16312.041025641029,11004.674074074072
5595,3050,1994-09-02,82896,12,6908,0,60,1,1993-05-08,59,0,1,1,1,110643,49,41,4,1,4,51.9,8441,4.48,115,1994-08-31,64286.0,20655.87058823529,7111.017391304345
5723,3674,1994-09-10,23628,12,1969,0,38,1,1993-03-12,37,0,1,0,1,85852,41,23,4,2,4,59.8,8965,8.23,104,1994-09-03,64096.3,11783.88163265306,8414.98032786885
6120,5481,1994-09-11,209184,48,4358,0,52,1,1993-08-16,51,0,1,1,0,139012,59,41,8,3,10,61.9,8363,3.49,108,1994-09-10,44254.7,19731.79230769231,11161.233333333332
6895,9307,1994-09-19,41904,12,3492,0,68,1,1993-01-24,67,1,0,0,0,228848,15,40,18,2,6,57.2,9893,4.72,96,1994-09-16,39204.7,7938.838095238093,5761.774999999998
5882,4427,1994-09-26,87816,12,7318,0,32,1,1993-06-07,31,0,1,0,1,105058,32,19,7,2,10,81.0,9272,3.22,118,1994-09-25,15665.6,4840.648780487804,4251.186046511629
5754,3834,1994-09-28,23052,12,1921,0,54,1,1993-01-19,53,0,1,1,1,387570,0,0,0,1,1,100.0,9897,1.96,140,1994-09-15,28531.7,6742.349999999999,2399.1951219512193
6594,7824,1994-09-28,189696,24,7904,1,60,1,1994-05-17,59,0,1,1,1,110643,49,41,4,1,4,51.9,8441,4.48,115,1994-09-14,22500.0,4500.0,0.0
6738,8566,1994-09-29,230220,36,6395,1,74,1,1993-10-08,73,1,0,0,0,323870,0,0,0,1,1,100.0,10673,5.44,100,1994-09-07,6325.5,7839.626315789475,6626.820454545454
6624,7965,1994-09-30,71460,12,5955,0,55,1,1993-11-08,54,0,1,1,1,157042,49,70,18,0,9,33.9,8743,2.43,111,1994-09-23,82549.0,13133.975,8085.147826086957
6216,5952,1994-09-30,141240,24,5885,0,50,1,1993-09-07,49,0,1,1,0,102609,75,33,2,3,6,52.0,8187,5.45,94,1994-09-22,45871.6,18498.09259259259,6047.6906666666655
6229,6040,1994-10-02,11736,24,489,0,1,1,1993-04-22,0,0,0,0,1,1204953,0,0,0,1,1,100.0,12541,0.43,167,1994-10-01,26984.4,11518.78888888889,3996.8226804123706
5887,4448,1994-10-03,192744,36,5354,0,60,1,1993-06-02,59,0,1,1,1,110643,49,41,4,1,4,51.9,8441,4.48,115,1994-09-30,29033.7,9241.760606060605,6417.6511627906975
6808,8982,1994-10-12,227880,36,6330,0,64,1,1993-09-25,63,0,1,1,1,197099,29,41,10,2,10,74.7,9624,2.31,145,1994-10-09,53716.6,8119.22888888889,8201.27894736842
6297,6363,1994-10-25,17508,12,1459,0,74,1,1993-08-01,73,1,0,0,0,323870,0,0,0,1,1,100.0,10673,5.44,100,1994-10-21,48027.0,6398.487096774194,3666.4878048780497
5161,1012,1994-10-28,98184,24,4091,0,65,1,1994-07-09,64,0,1,1,1,114200,101,41,4,1,4,43.7,8403,5.72,105,1994-10-10,68956.1,9059.654545454545,10233.333333333334
5390,2167,1994-10-30,170256,24,7094,0,16,1,1993-08-08,15,0,0,1,1,93931,74,21,10,1,8,56.9,8427,1.54,107,1994-10-27,43302.8,11986.912903225808,7136.769565217392
6150,5622,1994-11-02,83016,12,6918,0,70,1,1993-02-08,69,1,0,0,0,285387,0,2,8,5,7,89.9,10177,7.75,81,1994-10-31,93605.6,20124.317910447757,9929.641860465115
6223,5991,1994-11-03,61056,48,1272,0,1,1,1993-11-21,0,0,0,0,1,1204953,0,0,0,1,1,100.0,12541,0.43,167,1994-10-31,33539.9,8584.586956521738,3998.053658536586
5032,290,1994-11-03,123696,48,2577,0,56,1,1993-12-02,55,0,1,1,1,124605,11,42,14,1,8,46.0,8772,4.98,126,1994-10-31,25201.8,12984.854545454546,6678.964102564103
6253,6148,1994-11-04,59760,24,2490,0,74,1,1993-12-27,73,1,0,0,0,323870,0,0,0,1,1,100.0,10673,5.44,100,1994-10-31,41147.7,11115.263636363636,6356.331250000001
6460,7133,1994-11-06,48672,36,1352,0,1,1,1993-09-17,0,0,0,0,1,1204953,0,0,0,1,1,100.0,12541,0.43,167,1994-10-31,23124.6,2590.1029411764707,1031.006349206349
6645,8041,1994-11-06,140400,36,3900,0,1,1,1993-10-10,0,0,0,0,1,1204953,0,0,0,1,1,100.0,12541,0.43,167,1994-11-04,28271.8,11883.85,10137.956521739132
5176,1106,1994-11-12,192552,24,8023,1,20,4,1993-08-29,19,0,0,1,1,70646,94,14,3,1,4,58.4,8547,3.64,120,1994-10-31,22255.5,6090.784615384614,5445.4
5269,1527,1994-11-19,164052,36,4557,1,31,12,1993-11-17,30,0,1,0,0,51313,34,12,3,1,4,59.2,8930,4.2,108,1994-11-12,20811.2,14078.810714285715,10091.767567567567
5351,1978,1994-12-04,205200,36,5700,0,57,4,1993-06-11,56,0,1,1,1,161954,21,37,20,3,8,48.0,8720,4.5,116,1994-12-03,54586.0,17320.669444444447,6117.8279569892475
5861,4337,1994-12-08,51408,24,2142,0,29,1,1993-11-16,28,0,1,0,0,45714,52,10,5,1,6,55.6,8843,3.6,113,1994-11-30,49213.4,14636.958064516128,12258.993939393937
5450,2345,1994-12-11,199680,60,3328,0,5,1,1993-10-25,4,0,0,1,0,95616,65,30,4,1,6,51.4,9307,4.43,118,1994-11-30,19924.0,10072.949999999999,5698.2260869565225
7142,10451,1994-12-19,482940,60,8049,1,1,1,1993-08-29,0,0,0,0,1,1204953,0,0,0,1,1,100.0,12541,0.43,167,1994-12-13,18439.4,4877.926785714286,3442.224324324325
6306,6425,1994-12-20,36684,12,3057,0,31,1,1993-03-29,30,0,1,0,0,51313,34,12,3,1,4,59.2,8930,4.2,108,1994-12-19,35093.0,6311.736,3739.914666666668
6272,6226,1994-12-20,398640,60,6644,0,74,4,1993-07-26,73,1,0,0,0,323870,0,0,0,1,1,100.0,10673,5.44,100,1994-12-18,59316.9,21806.935294117644,13117.673076923076
5044,344,1994-12-21,100980,60,1683,0,54,1,1993-12-01,53,0,1,1,1,387570,0,0,0,1,1,100.0,9897,1.96,140,1994-12-10,47137.7,7692.799999999999,3734.134883720931
5576,2962,1994-12-21,31248,12,2604,0,1,1,1993-05-30,0,0,0,0,1,1204953,0,0,0,1,1,100.0,12541,0.43,167,1994-12-20,53922.3,16817.427450980394,11648.785507246375
7192,10738,1994-12-21,115992,36,3222,0,45,4,1993-04-17,44,0,1,1,0,77917,85,19,6,1,5,53.5,8390,2.89,132,1994-12-10,17711.5,8683.641304347828,4812.074074074074
5739,3747,1995-01-02,76380,12,6365,0,1,1,1994-05-01,0,0,0,0,1,1204953,0,0,0,1,1,100.0,12541,0.43,167,1994-12-31,23171.2,4596.959999999999,2751.296
6526,7523,1995-01-03,288468,36,8013,0,63,1,1994-08-29,62,0,1,1,1,86513,38,36,5,1,5,50.5,8288,4.52,110,1994-12-31,48840.6,6845.750000000001,15666.666666666666
5624,3166,1995-01-03,177744,48,3703,1,71,1,1993-08-10,70,1,0,0,0,161227,5,35,11,4,10,69.7,8678,5.57,102,1995-01-02,14230.7,9073.402777777777,5295.1169491525425
6244,6118,1995-01-08,270648,36,7518,1,1,4,1994-03-07,0,0,0,0,1,1204953,0,0,0,1,1,100.0,12541,0.43,167,1995-01-01,50996.5,13666.849999999999,12250.277777777777
5131,816,1995-01-08,48624,24,2026,0,52,1,1993-08-05,51,0,1,1,0,139012,59,41,8,3,10,61.9,8363,3.49,108,1995-01-07,47993.6,15032.102040816324,10126.164705882351
6960,9640,1995-01-11,76416,24,3184,0,1,1,1993-03-13,0,0,0,0,1,1204953,0,0,0,1,1,100.0,12541,0.43,167,1995-01-10,12262.9,8867.943859649122,5137.602083333331
6358,6715,1995-01-14,137880,60,2298,1,48,4,1993-09-15,47,0,1,1,0,78955,50,24,8,1,9,59.0,9060,2.44,124,1995-01-10,19966.8,7317.181578947369,5060.509803921569
5418,2245,1995-01-16,347952,48,7249,0,29,1,1993-03-30,28,0,1,0,0,45714,52,10,5,1,6,55.6,8843,3.6,113,1995-01-13,57546.3,16705.18,11110.17714285714
6598,7857,1995-01-18,68112,12,5676,0,75,1,1993-08-04,74,1,0,0,0,138032,67,30,4,2,5,64.6,8819,5.66,99,1995-01-15,39416.1,20195.84054054054,6434.8163636363615
5464,2419,1995-01-30,95808,12,7984,0,24,1,1993-11-27,23,0,1,0,0,122603,25,21,6,2,8,80.0,8991,2.01,128,1995-01-29,72500.4,18972.2875,13727.819999999998
6591,7819,1995-02-02,20832,48,434,0,38,1,1993-08-01,37,0,1,0,1,85852,41,23,4,2,4,59.8,8965,8.23,104,1995-01-31,17872.5,4204.593617021276,1728.3019230769237
5724,3678,1995-02-05,316140,60,5269,1,1,1,1993-03-24,0,0,0,0,1,1204953,0,0,0,1,1,100.0,12541,0.43,167,1995-01-31,12811.8,4591.911666666667,3325.3518987341777
6315,6472,1995-02-06,43164,12,3597,0,61,1,1994-02-08,60,0,1,1,1,117897,139,28,5,1,6,53.8,8814,5.74,107,1995-02-03,31349.9,19429.611538461537,11019.065116279067
5876,4413,1995-02-08,221280,48,4610,0,74,4,1994-01-15,73,1,0,0,0,323870,0,0,0,1,1,100.0,10673,5.44,100,1995-01-31,31344.7,17512.224,8836.760869565218
6986,9750,1995-02-11,151728,48,3161,1,74,1,1994-05-16,73,1,0,0,0,323870,0,0,0,1,1,100.0,10673,5.44,100,1995-02-10,26488.7,8910.703571428572,7690.041379310345
6294,6353,1995-02-12,79920,60,1332,0,26,1,1993-11-26,25,0,1,0,0,170449,0,0,0,1,1,100.0,10787,3.09,131,1995-02-10,31271.6,13163.365517241378,5310.090909090909
5132,817,1995-02-17,538500,60,8975,0,5,1,1994-03-18,4,0,0,1,0,95616,65,30,4,1,6,51.4,9307,4.43,118,1995-02-14,23271.0,11733.345454545457,6523.961111111112
5877,4414,1995-02-23,97224,24,4051,0,24,1,1993-09-10,23,0,1,0,0,122603,25,21,6,2,8,80.0,8991,2.01,128,1995-02-17,19479.6,5482.852380952382,3011.431428571429
6227,6030,1995-03-04,28248,24,1177,0,47,1,1993-08-24,46,0,1,1,0,162580,83,26,5,1,6,72.8,9538,1.81,111,1995-02-28,33743.7,10476.673684210524,6506.864285714284
7241,11021,1995-03-04,168984,24,7041,1,1,1,1993-08-10,0,0,0,0,1,1204953,0,0,0,1,1,100.0,12541,0.43,167,1995-03-03,24304.3,12442.474324324327,10423.706976744183
6737,8564,1995-03-11,76680,24,3195,0,68,1,1993-09-12,67,1,0,0,0,228848,15,40,18,2,6,57.2,9893,4.72,96,1995-03-08,27191.2,13581.835849056604,7696.064444444442
7004,9869,1995-03-15,331560,60,5526,0,12,1,1993-08-21,11,0,0,1,0,107870,84,29,6,1,6,58.0,8754,4.31,137,1995-03-14,47992.1,11490.66,5210.562025316454
6169,5700,1995-03-16,103680,60,1728,1,42,1,1993-07-20,41,0,1,1,0,95907,87,25,5,2,7,59.1,8388,2.94,87,1995-03-12,36427.6,5169.697727272727,3034.4461538461546
5208,1247,1995-03-16,99696,48,2077,1,25,1,1993-06-08,24,0,1,0,0,88757,60,33,3,2,10,61.7,8554,2.68,113,1995-03-04,32966.8,14426.435555555556,9781.311111111108
6694,8316,1995-03-19,134784,24,5616,0,70,1,1994-06-04,69,1,0,0,0,285387,0,2,8,5,7,89.9,10177,7.75,81,1995-03-07,16218.7,8822.476666666666,9938.224000000002
5599,3064,1995-03-21,15420,12,1285,0,40,1,1993-05-23,39,0,1,0,1,128118,9,16,6,3,8,85.3,9317,7.07,97,1995-03-19,31867.2,4776.766037735849,2258.1755102040825
6546,7607,1995-03-27,31728,24,1322,0,1,1,1993-09-05,0,0,0,0,1,1204953,0,0,0,1,1,100.0,12541,0.43,167,1995-03-18,32802.7,7781.153658536584,3766.1105263157897
5414,2228,1995-03-29,185952,48,3874,0,34,1,1994-03-19,33,0,1,0,1,125236,28,11,1,4,5,87.7,9675,7.68,100,1995-03-25,82385.2,12500.505,11973.214285714286
5453,2361,1995-04-01,156672,36,4352,0,28,1,1994-02-25,27,0,1,0,0,72541,66,26,10,0,8,36.9,8594,2.01,112,1995-03-31,23271.5,3672.6189189189195,2963.5631578947373
5740,3752,1995-04-02,18564,12,1547,0,1,1,1994-11-25,0,0,0,0,1,1204953,0,0,0,1,1,100.0,12541,0.43,167,1995-03-31,43265.7,8607.3,8550.0
5804,4079,1995-04-05,158976,48,3312,0,52,1,1993-11-03,51,0,1,1,0,139012,59,41,8,3,10,61.9,8363,3.49,108,1995-03-31,18879.4,13041.749999999998,6339.340384615382
6745,8625,1995-04-10,47304,24,1971,0,64,1,1993-11-10,63,0,1,1,1,197099,29,41,10,2,10,74.7,9624,2.31,145,1995-04-04,62458.3,15647.294736842105,12381.714285714283
6950,9591,1995-04-11,104712,24,4363,0,74,1,1993-05-20,73,1,0,0,0,323870,0,0,0,1,1,100.0,10673,5.44,100,1995-04-10,21801.2,16041.951388888885,9522.850420168068
6996,9828,1995-04-13,126600,24,5275,0,11,1,1993-05-20,10,0,0,1,0,75637,35,36,9,0,7,36.5,9622,0.59,154,1995-04-10,48720.6,17293.55652173913,8683.520930232555
5352,1993,1995-04-15,68400,12,5700,1,68,1,1994-10-30,67,1,0,0,0,228848,15,40,18,2,6,57.2,9893,4.72,96,1995-03-31,23946.1,6971.799999999999,7760.0
6151,5628,1995-04-25,225420,60,3757,0,61,1,1994-06-17,60,0,1,1,1,117897,139,28,5,1,6,53.8,8814,5.74,107,1995-04-13,32403.4,7056.204545454547,4235.620689655173
5310,1762,1995-04-28,248148,36,6893,0,28,1,1993-12-11,27,0,1,0,0,72541,66,26,10,0,8,36.9,8594,2.01,112,1995-04-20,41108.6,9398.816216216215,3694.549397590361
5045,347,1995-05-01,187224,24,7801,1,65,1,1993-12-13,64,0,1,1,1,114200,101,41,4,1,4,43.7,8403,5.72,105,1995-04-30,50846.7,13214.305263157892,9026.227999999997
6929,9472,1995-05-08,36396,12,3033,0,1,4,1993-07-06,0,0,0,0,1,1204953,0,0,0,1,1,100.0,12541,0.43,167,1995-05-06,45480.6,16954.94107142857,8862.70588235294
5151,960,1995-05-24,189060,60,3151,0,4,12,1994-11-02,3,0,0,1,0,149893,63,29,6,2,6,67.4,9753,5.05,109,1995-05-16,68945.6,21569.60714285714,14564.3125
5212,1256,1995-05-29,71064,36,1974,0,38,1,1994-04-21,37,0,1,0,1,85852,41,23,4,2,4,59.8,8965,8.23,104,1995-05-16,31397.0,7801.575862068966,3418.400000000001
5138,854,1995-05-30,87216,48,1817,0,62,1,1993-09-21,61,0,1,1,1,145688,22,41,13,2,5,40.7,8544,1.86,109,1995-05-14,26795.3,5670.470731707317,1922.3738317757015
5713,3629,1995-05-30,158760,60,2646,0,48,1,1993-07-27,47,0,1,1,0,78955,50,24,8,1,9,59.0,9060,2.44,124,1995-05-27,19182.3,7197.82909090909,3393.677477477477
6704,8377,1995-06-01,417060,60,6951,0,29,1,1993-11-20,28,0,1,0,0,45714,52,10,5,1,6,55.6,8843,3.6,113,1995-05-31,80621.0,10538.953658536588,10639.951515151515
6474,7190,1995-06-06,63360,60,1056,0,49,1,1993-09-06,48,0,1,1,0,75685,31,28,5,1,9,60.8,8208,2.26,155,1995-05-31,25649.6,4125.163265306122,2521.3942857142865
6676,8159,1995-06-13,29784,24,1241,0,26,1,1995-02-08,25,0,1,0,0,170449,0,0,0,1,1,100.0,10787,3.09,131,1995-06-08,37920.3,6735.5777777777785,7566.666666666667
6965,9656,1995-06-13,139536,24,5814,0,61,1,1993-11-14,60,0,1,1,1,117897,139,28,5,1,6,53.8,8814,5.74,107,1995-06-07,36472.9,18070.40597014925,11982.083673469388
6725,8489,1995-06-23,265320,36,7370,0,19,1,1993-09-18,18,0,0,1,1,51428,50,11,3,1,4,52.7,8402,3.98,120,1995-06-10,35289.8,6441.2328125,4487.483333333333
7166,10630,1995-06-24,198240,24,8260,0,41,1,1995-01-15,40,0,1,0,1,118650,8,8,5,1,3,85.6,9832,4.48,114,1995-06-14,44644.2,7095.2,8540.6
7138,10440,1995-07-03,60000,60,1000,0,72,1,1993-09-13,71,1,0,0,0,226122,32,50,7,4,4,62.6,8994,4.79,110,1995-06-30,16878.6,3840.34375,1881.5528089887648
5970,4774,1995-07-09,465072,48,9689,0,66,1,1994-01-14,65,0,1,1,1,125832,151,41,2,3,5,48.3,8512,4.12,102,1995-07-08,37152.4,12116.376315789475,6511.843076923075
6157,5650,1995-07-10,98592,24,4108,0,10,12,1995-01-08,9,0,0,1,0,92084,55,29,4,3,5,46.7,10124,0.54,141,1995-07-07,43871.9,12494.76153846154,9120.0
6153,5632,1995-07-25,285600,60,4760,0,5,4,1994-11-15,4,0,0,1,0,95616,65,30,4,1,6,51.4,9307,4.43,118,1995-07-13,28194.4,11216.012500000003,9639.6
5693,3489,1995-08-01,44088,24,1837,0,9,1,1994-12-08,8,0,0,1,0,81344,61,23,4,2,6,55.3,8899,3.97,149,1995-07-31,44383.2,7533.605882352941,5580.186666666667
5922,4580,1995-08-05,20220,12,1685,0,9,1,1994-08-27,8,0,0,1,0,81344,61,23,4,2,6,55.3,8899,3.97,149,1995-07-31,31303.3,11452.434782608696,8289.378571428573
5959,4727,1995-08-11,107640,24,4485,0,2,1,1995-02-13,1,0,0,1,0,88884,80,26,6,2,5,46.7,8507,1.85,132,1995-08-05,65325.4,19481.758333333335,15314.145454545454
5980,4825,1995-08-18,21396,12,1783,0,15,1,1994-06-04,14,0,0,1,1,58796,22,16,7,1,5,51.9,9045,3.6,124,1995-08-16,24782.0,5691.8852941176465,3835.0454545454554
6764,8776,1995-08-26,33984,48,708,0,64,1,1994-08-24,63,0,1,1,1,197099,29,41,10,2,10,74.7,9624,2.31,145,1995-08-19,44465.4,5087.997222222222,4079.4764705882358
5237,1375,1995-08-29,45336,24,1889,0,19,1,1994-04-27,18,0,0,1,1,51428,50,11,3,1,4,52.7,8402,3.98,120,1995-08-20,39839.5,10959.40303030303,5645.975438596491
6726,8492,1995-09-03,85860,60,1431,0,2,1,1994-06-29,1,0,0,1,0,88884,80,26,6,2,5,46.7,8507,1.85,132,1995-08-31,39220.2,3868.0851063829787,2906.7959183673483
6933,9493,1995-09-09,188688,48,3931,0,64,1,1995-04-02,63,0,1,1,1,197099,29,41,10,2,10,74.7,9624,2.31,145,1995-09-06,23579.7,10950.116666666667,10782.16
5145,915,1995-09-16,309552,48,6449,0,72,1,1995-01-18,71,1,0,0,0,226122,32,50,7,4,4,62.6,8994,4.79,110,1995-09-15,51799.4,20681.706250000003,14689.884210526317
7008,9897,1995-09-22,36168,12,3014,0,1,1,1995-03-04,0,0,0,0,1,1204953,0,0,0,1,1,100.0,12541,0.43,167,1995-09-17,29138.1,9289.213333333335,5247.628571428572
7227,10942,1995-10-02,314520,60,5242,0,44,4,1994-06-05,43,0,1,1,0,105606,77,26,7,2,7,53.0,8254,3.76,97,1995-09-30,50487.0,18056.912500000002,12982.432432432432
6600,7861,1995-10-08,21852,36,607,0,34,1,1995-04-22,33,0,1,0,1,125236,28,11,1,4,5,87.7,9675,7.68,100,1995-10-05,42899.4,8711.658333333333,10273.433333333332
6712,8405,1995-10-14,266220,60,4437,0,20,1,1994-05-10,19,0,0,1,1,70646,94,14,3,1,4,58.4,8547,3.64,120,1995-10-12,38159.6,7942.118867924531,4206.2879120879115
7057,10093,1995-10-20,231696,36,6436,0,1,4,1994-07-01,0,0,0,0,1,1204953,0,0,0,1,1,100.0,12541,0.43,167,1995-10-10,47174.7,20382.05588235294,7099.076086956522
7176,10663,1995-10-28,260028,36,7223,0,11,1,1993-12-08,10,0,0,1,0,75637,35,36,9,0,7,36.5,9622,0.59,154,1995-10-14,69850.9,22177.26170212766,8530.528070175435
7304,11349,1995-10-29,419880,60,6998,0,1,4,1995-05-26,0,0,0,0,1,1204953,0,0,0,1,1,100.0,12541,0.43,167,1995-10-23,24704.4,21108.227272727272,29640.85714285714
6362,6738,1995-10-31,37908,12,3159,0,62,1,1994-07-28,61,0,1,1,1,145688,22,41,13,2,5,40.7,8544,1.86,109,1995-10-21,46113.5,9919.538709677418,5808.711111111113
5880,4423,1995-10-31,73836,36,2051,0,39,1,1995-04-26,38,0,1,0,1,119895,17,4,3,2,4,89.9,10446,9.4,90,1995-10-26,67453.1,13746.65,25000.0
6535,7546,1995-11-02,41952,12,3496,0,43,1,1994-09-03,42,0,1,1,0,161854,73,21,6,1,6,76.3,9425,2.5,125,1995-10-31,24672.8,10373.63870967742,4012.2972972972975
5449,2343,1995-11-04,99336,24,4139,0,68,1,1994-12-09,67,1,0,0,0,228848,15,40,18,2,6,57.2,9893,4.72,96,1995-10-31,30824.1,5352.908333333333,3487.342857142858
6342,6609,1995-11-12,60156,36,1671,1,16,1,1995-03-27,15,0,0,1,1,93931,74,21,10,1,8,56.9,8427,1.54,107,1995-11-10,132316.8,18483.85769230769,13795.579999999998
5409,2218,1995-11-18,182040,60,3034,0,19,1,1994-11-21,18,0,0,1,1,51428,50,11,3,1,4,52.7,8402,3.98,120,1995-11-17,38747.5,22366.575,14230.005714285711
6955,9627,1995-11-22,244368,48,5091,0,65,12,1994-07-22,64,0,1,1,1,114200,101,41,4,1,4,43.7,8403,5.72,105,1995-11-19,86194.1,20764.9109375,15534.5
6985,9731,1995-11-22,113796,36,3161,0,54,12,1994-12-01,53,0,1,1,1,387570,0,0,0,1,1,100.0,9897,1.96,140,1995-11-10,34054.0,9973.764000000001,4580.63829787234
5125,789,1995-11-23,73056,48,1522,0,39,1,1995-02-06,38,0,1,0,1,119895,17,4,3,2,4,89.9,10446,9.4,90,1995-11-12,21545.7,3179.5086956521745,1842.2499999999998
5805,4081,1995-11-28,137904,24,5746,1,11,1,1995-07-22,10,0,0,1,0,75637,35,36,9,0,7,36.5,9622,0.59,154,1995-11-19,35159.7,6195.533333333334,6866.666666666667
6185,5774,1995-11-28,31176,24,1299,0,1,1,1995-06-08,0,0,0,0,1,1204953,0,0,0,1,1,100.0,12541,0.43,167,1995-11-17,50647.1,10761.475,7135.509090909091
7243,11042,1995-12-04,217152,36,6032,0,72,1,1995-01-29,71,1,0,0,0,226122,32,50,7,4,4,62.6,8994,4.79,110,1995-11-30,42279.3,18197.28571428571,9440.655555555555
6403,6924,1995-12-05,194880,48,4060,0,74,1,1994-06-01,73,1,0,0,0,323870,0,0,0,1,1,100.0,10673,5.44,100,1995-11-30,31021.6,12922.227027027027,5883.09736842105
6578,7765,1995-12-11,27984,12,2332,0,52,4,1994-07-10,51,0,1,1,0,139012,59,41,8,3,10,61.9,8363,3.49,108,1995-12-07,18380.5,9539.813333333332,5822.04347826087
5413,2227,1995-12-12,92976,24,3874,0,31,4,1994-05-22,30,0,1,0,0,51313,34,12,3,1,4,59.2,8930,4.2,108,1995-12-11,21531.8,13338.337999999998,10938.728813559323
6949,9583,1995-12-12,104712,24,4363,0,31,4,1994-05-22,30,0,1,0,0,51313,34,12,3,1,4,59.2,8930,4.2,108,1995-12-11,30115.3,13282.386,10931.103448275862
6545,7606,1995-12-12,191880,60,3198,0,21,1,1995-03-15,20,0,0,1,1,103347,87,16,7,1,7,67.0,9104,2.07,123,1995-12-11,78521.0,16177.397142857148,9378.611538461537
6178,5742,1995-12-16,232560,48,4845,0,74,12,1995-07-05,73,1,0,0,0,323870,0,0,0,1,1,100.0,10673,5.44,100,1995-12-14,41243.5,14073.042857142855,11983.0
5160,1011,1995-12-18,204000,60,3400,0,45,1,1994-12-17,44,0,1,1,0,77917,85,19,6,1,5,53.5,8390,2.89,132,1995-12-12,37992.7,10772.44,5782.955000000001
6785,8899,1995-12-25,125340,60,2089,0,1,4,1994-09-05,0,0,0,0,1,1204953,0,0,0,1,1,100.0,12541,0.43,167,1995-12-12,19007.0,10958.024561403507,8651.42857142857
6540,7562,1995-12-31,309600,48,6450,0,72,4,1995-01-17,71,1,0,0,0,226122,32,50,7,4,4,62.6,8994,4.79,110,1995-12-23,35488.1,21228.227272727272,12692.14705882353
6589,7815,1996-01-01,189696,24,7904,0,19,4,1995-04-09,18,0,0,1,1,51428,50,11,3,1,4,52.7,8402,3.98,120,1995-12-31,88632.1,18658.64,7985.203389830508
5900,4503,1996-01-01,135360,48,2820,0,50,1,1995-01-03,49,0,1,1,0,102609,75,33,2,3,6,52.0,8187,5.45,94,1995-12-31,54868.9,18854.3875,12188.25333333333
5999,4907,1996-01-03,98832,48,2059,0,42,1,1994-02-06,41,0,1,1,0,95907,87,25,5,2,7,59.1,8388,2.94,87,1995-12-31,27169.8,8028.005999999999,2946.6960629921255
6043,5126,1996-01-11,20352,48,424,0,58,1,1995-04-03,57,0,1,1,1,109164,98,16,6,1,4,63.6,8757,3.95,96,1996-01-08,21281.5,4421.572727272727,2922.8076923076924
5482,2496,1996-01-12,165120,60,2752,0,51,1,1994-05-21,50,0,1,1,0,121947,37,28,7,3,11,70.5,8541,2.97,131,1996-01-11,23825.4,3959.488,2654.9848484848494
7263,11138,1996-01-19,89880,24,3745,0,70,4,1995-08-18,69,1,0,0,0,285387,0,2,8,5,7,89.9,10177,7.75,81,1996-01-15,39079.5,16579.961538461535,11028.75
6013,4995,1996-02-03,128988,36,3583,1,20,4,1994-08-01,19,0,0,1,1,70646,94,14,3,1,4,58.4,8547,3.64,120,1996-01-31,9710.2,8997.414285714287,6494.2361702127655
5750,3804,1996-02-08,63252,12,5271,0,7,1,1994-04-07,6,0,0,1,0,94725,38,28,1,3,6,63.4,9920,2.87,130,1996-02-07,49709.2,16674.810416666667,6471.394827586204
6027,5066,1996-02-10,61656,24,2569,1,13,4,1995-08-27,12,0,0,1,0,53921,61,22,1,1,2,41.3,8598,3.26,123,1996-02-02,59695.5,13988.388888888889,22066.666666666668
6303,6400,1996-02-12,72408,24,3017,1,31,12,1995-10-09,30,0,1,0,0,51313,34,12,3,1,4,59.2,8930,4.2,108,1996-02-06,36363.9,12129.322222222221,18200.0
7213,10884,1996-02-13,113544,36,3154,0,65,1,1995-02-20,64,0,1,1,1,114200,101,41,4,1,4,43.7,8403,5.72,105,1996-02-10,13386.8,9068.926923076924,4942.337777777779
6659,8092,1996-02-20,56100,60,935,0,54,1,1995-01-11,53,0,1,1,1,387570,0,0,0,1,1,100.0,9897,1.96,140,1996-02-12,15407.2,4958.146428571429,3085.5200000000004
6175,5735,1996-02-21,290700,60,4845,1,52,1,1995-01-25,51,0,1,1,0,139012,59,41,8,3,10,61.9,8363,3.49,108,1996-02-19,11574.8,17131.333333333332,12205.881034482756
5610,3112,1996-02-24,123216,48,2567,0,38,1,1994-08-12,37,0,1,0,1,85852,41,23,4,2,4,59.8,8965,8.23,104,1996-02-22,77580.8,16989.97708333333,9224.224999999997
5563,2912,1996-02-29,380160,60,6336,0,74,1,1994-07-30,73,1,0,0,0,323870,0,0,0,1,1,100.0,10673,5.44,100,1996-02-21,24549.6,18684.478723404252,13768.077419354833
5989,4852,1996-03-04,213300,36,5925,0,47,1,1995-04-13,46,0,1,1,0,162580,83,26,5,1,6,72.8,9538,1.81,111,1996-02-29,27326.7,4581.6407407407405,3011.8
6698,8327,1996-03-10,247728,48,5161,0,1,4,1995-08-08,0,0,0,0,1,1204953,0,0,0,1,1,100.0,12541,0.43,167,1996-03-09,52551.7,14307.730434782608,10241.703703703704
5312,1772,1996-03-13,202788,36,5633,0,31,4,1995-02-20,30,0,1,0,0,51313,34,12,3,1,4,59.2,8930,4.2,108,1996-03-12,81623.6,26091.91153846154,11259.735849056604
7189,10728,1996-03-21,154656,48,3222,0,71,1,1994-12-23,70,1,0,0,0,161227,5,35,11,4,10,69.7,8678,5.57,102,1996-03-17,37180.5,9834.021875000002,4868.561403508772
6816,9017,1996-03-26,100224,48,2088,1,70,1,1995-11-22,69,1,0,0,0,285387,0,2,8,5,7,89.9,10177,7.75,81,1996-03-21,31387.1,4005.806666666667,9566.666666666666
6137,5574,1996-04-10,44628,12,3719,0,13,4,1994-07-14,12,0,0,1,0,53921,61,22,1,1,2,41.3,8598,3.26,123,1996-04-08,80439.7,25106.97209302325,9700.582524271844
5128,808,1996-04-11,215616,48,4492,1,69,1,1995-06-13,68,1,0,0,0,42821,4,13,5,1,3,48.4,8173,7.01,124,1996-04-08,8640.6,5505.576666666669,5049.245161290322
5470,2456,1996-04-15,200976,48,4187,0,65,1,1995-09-09,64,0,1,1,1,114200,101,41,4,1,4,43.7,8403,5.72,105,1996-04-14,47431.4,12752.429411764706,9408.87777777778
5593,3037,1996-04-18,277884,36,7719,1,44,1,1994-05-26,43,0,1,1,0,105606,77,26,7,2,7,53.0,8254,3.76,97,1996-04-15,11614.0,13759.673913043482,8751.140845070418
5350,1967,1996-04-21,249312,48,5194,0,26,4,1995-02-13,25,0,1,0,0,170449,0,0,0,1,1,100.0,10787,3.09,131,1996-04-18,55426.5,10919.69,9072.133333333333
6063,5213,1996-04-25,320976,48,6687,1,1,1,1995-08-18,0,0,0,0,1,1204953,0,0,0,1,1,100.0,12541,0.43,167,1996-04-17,46462.2,17416.526086956525,13115.47407407407
6501,7418,1996-04-29,30276,12,2523,1,21,1,1995-04-07,20,0,0,1,1,103347,87,16,7,1,7,67.0,9104,2.07,123,1996-04-11,24930.3,4202.679310344828,6436.0235294117665
5452,2352,1996-04-29,49440,60,824,0,70,1,1995-01-21,69,1,0,0,0,285387,0,2,8,5,7,89.9,10177,7.75,81,1996-04-15,45021.6,10568.796774193546,3577.3544303797466
4961,19,1996-04-29,30276,12,2523,1,21,1,1995-04-07,20,0,0,1,1,103347,87,16,7,1,7,67.0,9104,2.07,123,1996-04-10,15854.0,5264.765217391303,6656.611764705884
4973,67,1996-05-02,165960,24,6915,0,16,1,1994-10-19,15,0,0,1,1,93931,74,21,10,1,8,56.9,8427,1.54,107,1996-04-30,23689.2,21979.508108108108,8972.18636363636
6190,5794,1996-05-06,123600,60,2060,0,70,1,1995-07-14,69,1,0,0,0,285387,0,2,8,5,7,89.9,10177,7.75,81,1996-04-30,15520.2,11561.24,7438.593103448277
6715,8411,1996-05-06,220620,60,3677,0,20,1,1994-12-02,19,0,0,1,1,70646,94,14,3,1,4,58.4,8547,3.64,120,1996-04-30,26332.6,7748.148148148148,5296.902702702701
5892,4462,1996-05-14,66480,24,2770,1,73,4,1995-12-27,72,1,0,0,0,182027,17,49,12,2,7,56.4,8746,3.74,90,1996-04-30,34891.2,12213.028571428571,16866.666666666668
6550,7614,1996-05-18,320592,48,6679,0,62,1,1995-02-08,61,0,1,1,1,145688,22,41,13,2,5,40.7,8544,1.86,109,1996-05-08,69148.6,21503.089999999993,9930.06896551724
5706,3608,1996-05-24,161496,36,4486,0,72,4,1994-08-30,71,1,0,0,0,226122,32,50,7,4,4,62.6,8994,4.79,110,1996-05-21,29371.5,8837.951923076924,5515.410256410257
5148,940,1996-05-29,284280,60,4738,0,37,1,1994-11-15,36,0,1,0,1,114006,71,26,6,2,9,62.3,9065,5.39,123,1996-05-12,94617.3,20623.950000000004,11169.73793103448
6734,8547,1996-05-30,173016,36,4806,0,14,4,1995-07-17,13,0,0,1,1,177686,69,27,10,1,9,74.8,10045,1.71,135,1996-05-26,113931.6,14459.529787234043,12580.127659574468
6109,5422,1996-06-03,368880,60,6148,0,66,1,1994-10-22,65,0,1,1,1,125832,151,41,2,3,5,48.3,8512,4.12,102,1996-05-31,105712.4,19070.65344827586,8067.622580645159
6961,9645,1996-06-06,176148,36,4893,0,38,1,1996-01-23,37,0,1,0,1,85852,41,23,4,2,4,59.8,8965,8.23,104,1996-05-31,53592.6,15688.077777777777,21900.0
6810,9006,1996-06-08,186384,48,3883,0,40,4,1994-09-02,39,0,1,0,1,128118,9,16,6,3,8,85.3,9317,7.07,97,1996-05-31,21003.8,13975.695121951228,10416.694444444445
5494,2572,1996-06-13,360000,48,7500,0,64,12,1994-11-13,63,0,1,1,1,197099,29,41,10,2,10,74.7,9624,2.31,145,1996-06-09,64765.2,18340.45789473684,12413.172151898736
5311,1766,1996-06-15,30060,60,501,0,28,1,1994-09-03,27,0,1,0,0,72541,66,26,10,0,8,36.9,8594,2.01,112,1996-06-13,48523.3,10581.039999999999,3032.788652482269
5445,2322,1996-06-29,46320,24,1930,0,33,1,1995-01-02,32,0,1,0,1,133777,24,17,7,3,11,84.7,8705,7.61,116,1996-06-25,23552.7,15197.843750000005,5430.335384615382
5301,1698,1996-07-06,141948,36,3943,0,68,1,1996-03-14,67,1,0,0,0,228848,15,40,18,2,6,57.2,9893,4.72,96,1996-06-30,47239.7,9777.114285714286,7066.666666666667
7034,10001,1996-07-11,19044,36,529,0,24,1,1995-05-28,23,0,1,0,0,122603,25,21,6,2,8,80.0,8991,2.01,128,1996-07-06,50167.6,8717.206896551725,5065.785000000002
6751,8680,1996-07-14,85716,36,2381,0,17,1,1996-02-12,16,0,0,1,1,74062,99,15,4,2,7,61.4,8114,2.62,119,1996-07-11,52416.9,5781.133333333332,12550.0
6667,8127,1996-07-15,155880,24,6495,0,37,1,1994-10-13,36,0,1,0,1,114006,71,26,6,2,9,62.3,9065,5.39,123,1996-07-07,44564.6,17472.988235294117,9302.830769230766
6130,5541,1996-07-18,32640,48,680,0,43,1,1995-03-24,42,0,1,1,0,161854,73,21,6,1,6,76.3,9425,2.5,125,1996-07-17,18800.0,4044.684615384616,2043.2735294117651
5429,2268,1996-07-18,20196,36,561,0,1,1,1995-02-11,0,0,0,0,1,1204953,0,0,0,1,1,100.0,12541,0.43,167,1996-07-13,65684.6,12967.817647058824,6051.954838709677
5725,3679,1996-07-23,444864,48,9268,0,64,1,1995-08-15,63,0,1,1,1,197099,29,41,10,2,10,74.7,9624,2.31,145,1996-07-19,41743.9,8397.544444444446,4999.71891891892
6019,5033,1996-07-25,11400,12,950,0,54,1,1995-08-03,53,0,1,1,1,387570,0,0,0,1,1,100.0,9897,1.96,140,1996-07-18,27820.2,3711.3310344827587,1662.6708333333333
6421,6985,1996-07-25,96768,36,2688,0,38,1,1995-07-27,37,0,1,0,1,85852,41,23,4,2,4,59.8,8965,8.23,104,1996-07-21,37396.4,16277.060714285717,11009.505263157893
6992,9790,1996-07-27,133968,48,2791,0,52,1,1995-11-09,51,0,1,1,0,139012,59,41,8,3,10,61.9,8363,3.49,108,1996-07-14,34729.5,17825.64347826087,6701.074999999999
5136,846,1996-07-28,187104,24,7796,0,72,1,1996-03-09,71,1,0,0,0,226122,32,50,7,4,4,62.6,8994,4.79,110,1996-07-21,86877.7,18044.1875,22425.466666666667
5337,1886,1996-07-31,162468,36,4513,0,32,1,1996-03-05,31,0,1,0,1,105058,32,19,7,2,10,81.0,9272,3.22,118,1996-07-16,74638.8,15043.88,15160.0
5495,2580,1996-08-02,89340,60,1489,0,60,1,1995-11-09,59,0,1,1,1,110643,49,41,4,1,4,51.9,8441,4.48,115,1996-07-31,41537.2,6166.780000000001,3408.875
7013,9928,1996-08-02,89340,60,1489,0,60,1,1995-11-09,59,0,1,1,1,110643,49,41,4,1,4,51.9,8441,4.48,115,1996-07-31,42242.2,6167.025000000001,3379.7083333333335
6012,4994,1996-08-03,258444,36,7179,0,1,4,1996-01-11,0,0,0,0,1,1204953,0,0,0,1,1,100.0,12541,0.43,167,1996-07-31,53892.1,8032.675,10625.0
6471,7184,1996-08-04,155640,24,6485,0,5,1,1995-06-19,4,0,0,1,0,95616,65,30,4,1,6,51.4,9307,4.43,118,1996-07-31,40509.2,12015.777777777777,3640.146153846154
6296,6358,1996-08-06,270384,48,5633,0,3,1,1995-05-27,2,0,0,1,0,75232,55,26,4,1,5,41.7,8980,2.21,111,1996-08-05,57835.1,17764.690625,9284.272727272724
7305,11359,1996-08-06,54024,12,4502,0,61,1,1994-10-01,60,0,1,1,1,117897,139,28,5,1,6,53.8,8814,5.74,107,1996-07-31,25682.6,14509.60888888889,6149.507843137252
6144,5593,1996-08-09,44376,12,3698,0,15,1,1996-02-27,14,0,0,1,1,58796,22,16,7,1,5,51.9,9045,3.6,124,1996-08-08,68241.5,18505.68333333333,12612.41904761905
6283,6289,1996-08-11,85632,48,1784,0,64,1,1995-04-05,63,0,1,1,1,197099,29,41,10,2,10,74.7,9624,2.31,145,1996-08-10,117238.7,18351.10263157895,12710.702127659571
7246,11054,1996-08-20,148920,60,2482,0,59,4,1996-02-01,58,0,1,1,1,108871,41,29,7,2,6,62.1,8444,3.47,106,1996-08-18,15278.6,8064.787499999999,7583.866666666667
5088,544,1996-08-22,91152,24,3798,0,32,1,1995-05-15,31,0,1,0,1,105058,32,19,7,2,10,81.0,9272,3.22,118,1996-08-19,39378.8,12375.087096774194,7483.673913043478
5988,4851,1996-08-22,141648,24,5902,0,52,1,1996-02-04,51,0,1,1,0,139012,59,41,8,3,10,61.9,8363,3.49,108,1996-08-18,123310.1,13177.707692307693,16520.0
5282,1583,1996-08-24,388512,48,8094,1,69,12,1994-11-17,68,1,0,0,0,42821,4,13,5,1,3,48.4,8173,7.01,124,1996-08-08,38697.3,8490.999999999998,6360.860606060606
5938,4650,1996-08-25,402000,60,6700,0,4,1,1995-10-15,3,0,0,1,0,149893,63,29,6,2,6,67.4,9753,5.05,109,1996-08-14,17232.1,3118.0344827586205,2927.64
5606,3084,1996-08-28,253512,36,7042,1,59,4,1996-01-28,58,0,1,1,1,108871,41,29,7,2,6,62.1,8444,3.47,106,1996-08-25,13318.4,12261.32142857143,10556.0
5385,2143,1996-09-09,71460,36,1985,0,1,1,1996-01-13,0,0,0,0,1,1204953,0,0,0,1,1,100.0,12541,0.43,167,1996-08-31,49663.5,11367.793749999999,8815.720000000001
6865,9199,1996-09-11,29448,12,2454,1,72,1,1996-05-15,71,1,0,0,0,226122,32,50,7,4,4,62.6,8994,4.79,110,1996-09-06,43790.6,7487.844444444445,11800.0
5586,2994,1996-09-14,48744,36,1354,0,77,1,1996-05-03,76,1,0,0,0,148545,8,35,12,3,4,53.5,8909,5.56,113,1996-09-12,62891.3,10108.3,16100.0
6302,6397,1996-09-16,181020,60,3017,0,48,1,1995-03-15,47,0,1,1,0,78955,50,24,8,1,9,59.0,9060,2.44,124,1996-09-06,42526.0,9716.021621621625,5660.121428571429
7194,10762,1996-09-17,68832,36,1912,0,1,1,1995-10-23,0,0,0,0,1,1204953,0,0,0,1,1,100.0,12541,0.43,167,1996-09-12,51540.7,9718.266666666668,6265.434482758622
6461,7136,1996-09-19,74124,36,2059,0,12,4,1995-04-09,11,0,0,1,0,107870,84,29,6,1,6,58.0,8754,4.31,137,1996-09-10,25658.0,14442.828205128204,6477.253012048192
6732,8533,1996-09-19,174048,48,3626,0,47,1,1995-10-10,46,0,1,1,0,162580,83,26,5,1,6,72.8,9538,1.81,111,1996-09-13,54140.4,12971.792105263157,14154.438709677419
6613,7926,1996-09-22,84120,24,3505,0,69,4,1996-06-09,68,1,0,0,0,42821,4,13,5,1,3,48.4,8173,7.01,124,1996-09-20,63952.9,14356.908333333335,15475.714285714286
7036,10019,1996-09-25,194940,36,5415,0,8,1,1995-06-15,7,0,0,1,0,112065,95,19,7,1,8,69.4,11277,1.44,127,1996-09-14,34212.3,15618.807894736841,10552.871698113202
5897,4476,1996-09-25,15192,24,633,0,24,1,1994-11-10,23,0,1,0,0,122603,25,21,6,2,8,80.0,8991,2.01,128,1996-09-19,17351.9,7555.3234042553195,2768.427868852459
6995,9814,1996-09-26,96168,12,8014,0,64,4,1995-01-19,63,0,1,1,1,197099,29,41,10,2,10,74.7,9624,2.31,145,1996-09-25,3609.3,7330.079761904763,9417.184615384615
5415,2236,1996-09-26,139464,36,3874,1,73,1,1995-08-27,72,1,0,0,0,182027,17,49,12,2,7,56.4,8746,3.74,90,1996-09-20,65062.8,7729.642105263159,8766.666666666666
7136,10436,1996-09-28,54396,36,1511,0,60,1,1996-03-21,59,0,1,1,1,110643,49,41,4,1,4,51.9,8441,4.48,115,1996-09-18,36208.8,4458.814285714286,2912.733333333333
7271,11186,1996-10-02,392460,60,6541,0,12,1,1994-11-24,11,0,0,1,0,107870,84,29,6,1,6,58.0,8754,4.31,137,1996-09-30,53245.1,20602.673913043476,9221.420618556696
5375,2106,1996-10-03,101520,12,8460,0,1,1,1996-02-01,0,0,0,0,1,1204953,0,0,0,1,1,100.0,12541,0.43,167,1996-09-30,16735.4,6132.844444444445,4683.52
5635,3230,1996-10-04,77184,36,2144,0,1,1,1995-03-11,0,0,0,0,1,1204953,0,0,0,1,1,100.0,12541,0.43,167,1996-10-01,22446.0,15884.20555555556,13399.64390243902
6817,9024,1996-10-04,70656,48,1472,0,1,1,1996-01-05,0,0,0,0,1,1204953,0,0,0,1,1,100.0,12541,0.43,167,1996-10-01,22476.1,5128.586206896552,5260.541666666668
5923,4585,1996-10-10,64656,48,1347,0,27,1,1996-06-08,26,0,1,0,0,67298,71,19,10,0,7,43.8,8561,1.29,110,1996-10-07,44749.0,6738.766666666666,5300.0
5329,1862,1996-10-16,396120,60,6602,0,19,4,1995-04-15,18,0,0,1,1,51428,50,11,3,1,4,52.7,8402,3.98,120,1996-10-08,88610.1,21574.03611111111,11661.949152542373
6644,8039,1996-10-20,93600,24,3900,0,9,1,1995-12-17,8,0,0,1,0,81344,61,23,4,2,6,55.3,8899,3.97,149,1996-10-14,26235.8,10912.823809523808,5968.629411764707
6354,6688,1996-10-23,22968,36,638,0,16,1,1996-06-25,15,0,0,1,1,93931,74,21,10,1,8,56.9,8427,1.54,107,1996-10-12,38831.0,4243.1,3600.0
5082,501,1996-10-24,262980,60,4383,0,13,1,1995-10-21,12,0,0,1,0,53921,61,22,1,1,2,41.3,8598,3.26,123,1996-10-16,76081.3,10113.641666666668,5207.687500000001
6585,7795,1996-10-29,372120,60,6202,0,64,1,1995-01-05,63,0,1,1,1,197099,29,41,10,2,10,74.7,9624,2.31,145,1996-10-26,46580.5,18717.61408450704,12696.732673267326
6921,9422,1996-10-29,86184,12,7182,0,70,1,1996-03-06,69,1,0,0,0,285387,0,2,8,5,7,89.9,10177,7.75,81,1996-10-28,43157.5,23035.90625,12516.030769230769
5366,2062,1996-10-29,86184,12,7182,0,70,1,1996-03-06,69,1,0,0,0,285387,0,2,8,5,7,89.9,10177,7.75,81,1996-10-28,39660.8,23036.112499999996,12650.646153846154
5886,4447,1996-10-31,192744,36,5354,0,62,1,1996-06-16,61,0,1,1,1,145688,22,41,13,2,5,40.7,8544,1.86,109,1996-10-15,36199.1,16504.253846153846,14365.861538461539
5741,3754,1996-11-03,68544,24,2856,0,37,4,1996-02-19,36,0,1,0,1,114006,71,26,6,2,9,62.3,9065,5.39,123,1996-10-31,23759.8,14909.75882352941,6209.081081081081
4996,132,1996-11-06,88440,12,7370,0,40,12,1996-05-11,39,0,1,0,1,128118,9,16,6,3,8,85.3,9317,7.07,97,1996-10-31,78907.6,16852.55,12715.533333333333
6015,5001,1996-11-09,110112,24,4588,0,53,1,1995-12-15,52,0,1,1,1,107911,88,33,6,2,7,50.9,8240,3.56,99,1996-11-02,106858.1,20541.959459459464,14515.426666666666
6309,6434,1996-11-11,110136,24,4589,0,1,1,1995-05-08,0,0,0,0,1,1204953,0,0,0,1,1,100.0,12541,0.43,167,1996-11-08,40746.5,13368.282758620688,10203.929411764706
6073,5263,1996-11-12,276300,60,4605,0,64,1,1995-07-14,63,0,1,1,1,197099,29,41,10,2,10,74.7,9624,2.31,145,1996-11-11,27578.1,3480.195555555556,2745.331914893618
6006,4948,1996-11-15,359760,60,5996,0,43,1,1995-07-29,42,0,1,1,0,161854,73,21,6,1,6,76.3,9425,2.5,125,1996-11-10,39959.4,8558.236,7565.060869565218
5611,3115,1996-11-15,321180,60,5353,0,14,1,1996-03-27,13,0,0,1,1,177686,69,27,10,1,9,74.8,10045,1.71,135,1996-11-08,51906.5,16276.9,11405.89523809524
6944,9548,1996-11-15,46176,48,962,0,62,1,1996-06-07,61,0,1,1,1,145688,22,41,13,2,5,40.7,8544,1.86,109,1996-11-12,38725.1,8385.281818181818,8918.833333333334
7101,10297,1996-11-18,421008,48,8771,0,14,1,1996-01-19,13,0,0,1,1,177686,69,27,10,1,9,74.8,10045,1.71,135,1996-11-14,31168.0,10392.413636363637,7052.321428571429
6599,7859,1996-11-19,72120,12,6010,0,52,1,1995-03-14,51,0,1,1,0,139012,59,41,8,3,10,61.9,8363,3.49,108,1996-11-15,98631.7,19563.422500000008,11030.72580645161
6940,9510,1996-11-22,228276,36,6341,0,1,1,1996-06-09,0,0,0,0,1,1204953,0,0,0,1,1,100.0,12541,0.43,167,1996-11-10,53707.9,7594.046153846154,6430.657142857142
5209,1250,1996-11-25,182640,48,3805,0,62,1,1996-03-28,61,0,1,1,1,145688,22,41,13,2,5,40.7,8544,1.86,109,1996-11-23,23898.3,11558.89411764706,7504.469565217392
5388,2153,1996-11-28,61560,12,5130,0,31,4,1996-01-07,30,0,1,0,0,51313,34,12,3,1,4,59.2,8930,4.2,108,1996-11-13,20051.1,16171.554545454546,6851.489795918367
6011,4981,1996-11-28,179328,48,3736,0,54,1,1996-01-22,53,0,1,1,1,387570,0,0,0,1,1,100.0,9897,1.96,140,1996-11-17,36074.7,11922.27619047619,6912.67741935484
5591,3021,1996-12-04,155616,48,3242,0,10,1,1996-04-20,9,0,0,1,0,92084,55,29,4,3,5,46.7,10124,0.54,141,1996-12-03,24447.1,9343.175,8931.7
7154,10520,1996-12-05,417600,60,6960,0,55,12,1995-10-24,54,0,1,1,1,157042,49,70,18,0,9,33.9,8743,2.43,111,1996-12-03,58638.6,8001.857142857141,8415.384615384615
7130,10411,1996-12-11,123408,24,5142,0,39,12,1995-11-23,38,0,1,0,1,119895,17,4,3,2,4,89.9,10446,9.4,90,1996-12-09,8357.1,7693.968000000001,4599.8
6818,9030,1996-12-12,155616,48,3242,0,72,1,1995-01-21,71,1,0,0,0,226122,32,50,7,4,4,62.6,8994,4.79,110,1996-12-11,60694.1,6448.582857142858,3830.458823529411
5625,3189,1996-12-15,222180,60,3703,1,29,1,1995-11-29,28,0,1,0,0,45714,52,10,5,1,6,55.6,8843,3.6,113,1996-12-10,59578.8,13417.557142857142,10197.18064516129
6805,8972,1996-12-21,45024,48,938,0,70,1,1996-05-21,69,1,0,0,0,285387,0,2,8,5,7,89.9,10177,7.75,81,1996-12-17,38384.3,8544.929999999998,6974.431578947369
7233,10963,1996-12-25,115812,36,3217,0,16,1,1995-05-20,15,0,0,1,1,93931,74,21,10,1,8,56.9,8427,1.54,107,1996-12-18,41878.1,16554.9862745098,10992.139726027393
7308,11362,1996-12-27,129408,24,5392,0,67,1,1995-10-14,66,1,0,0,0,106054,38,25,6,2,6,63.1,8110,6.55,109,1996-12-10,24199.5,8811.758620689656,2965.9153846153854
